Tactic,Technique,Processed_Technique,mitigation
Reconnaissance,Active Scanning,active scanning,This technique cannot be easily mitigated with preventive controls since it is based on behaviors performed outside of the scope of enterprise defenses and controls. Efforts should focus on minimizing the amount and sensitivity of data available to external parties.
Reconnaissance,Gather Victim Host Information,gather victim host information,This technique cannot be easily mitigated with preventive controls since it is based on behaviors performed outside of the scope of enterprise defenses and controls. Efforts should focus on minimizing the amount and sensitivity of data available to external parties.
Reconnaissance,Gather Victim Identity Information,gather victim identity information,This technique cannot be easily mitigated with preventive controls since it is based on behaviors performed outside of the scope of enterprise defenses and controls. Efforts should focus on minimizing the amount and sensitivity of data available to external parties.
Reconnaissance,Gather Victim Network Information,gather victim network information,"This technique cannot be easily mitigated with preventive controls since it is based on behaviors performed outside of the scope of enterprise defenses and controls. Efforts should focus on minimizing the amount and sensitivity of data available to external parties.
"
Reconnaissance,Gather Victim Org Information,gather victim org information,This technique cannot be easily mitigated with preventive controls since it is based on behaviors performed outside of the scope of enterprise defenses and controls. Efforts should focus on minimizing the amount and sensitivity of data available to external parties.
Reconnaissance,Phishing for Information,phishing information,Use anti-spoofing and email authentication mechanisms to filter messages based on validity checks of the sender domain (using SPF) and integrity of messages (using DKIM). Enabling these mechanisms within an organization (through policies such as DMARC) may enable recipients (intra-org and cross domain) to perform similar message filtering and validation.[
Reconnaissance,Search Closed Sources,search closed source,"This technique cannot be easily mitigated with preventive controls since it is based on behaviors performed outside of the scope of enterprise defenses and controls. Efforts should focus on minimizing the amount and sensitivity of data available to external parties.
"
Reconnaissance,Search Open Technical Databases,search open technical database,This technique cannot be easily mitigated with preventive controls since it is based on behaviors performed outside of the scope of enterprise defenses and controls. Efforts should focus on minimizing the amount and sensitivity of data available to external parties.
Reconnaissance,Search Open Websites/Domains,search open websitesdomains,"Scan public code repositories for exposed credentials or other sensitive information before making commits. Ensure that any leaked credentials are removed from the commit history, not just the current latest version of the code."
Reconnaissance,Search Victim-Owned Websites,search victimowned website,This technique cannot be easily mitigated with preventive controls since it is based on behaviors performed outside of the scope of enterprise defenses and controls. Efforts should focus on minimizing the amount and sensitivity of data available to external parties.
Resource Development,Acquire Infrastructure,acquire infrastructure,This technique cannot be easily mitigated with preventive controls since it is based on behaviors performed outside of the scope of enterprise defenses and controls.
Resource Development,Compromise Accounts,compromise account,This technique cannot be easily mitigated with preventive controls since it is based on behaviors performed outside of the scope of enterprise defenses and controls.
Resource Development,Compromise Infrastructure,compromise infrastructure,This technique cannot be easily mitigated with preventive controls since it is based on behaviors performed outside of the scope of enterprise defenses and controls.
Resource Development,Develop Capabilities,develop capability,"This technique cannot be easily mitigated with preventive controls since it is based on behaviors performed outside of the scope of enterprise defenses and controls.
"
Resource Development,Establish Accounts,establish account,This technique cannot be easily mitigated with preventive controls since it is based on behaviors performed outside of the scope of enterprise defenses and controls.
Resource Development,Obtain Capabilities,obtain capability,This technique cannot be easily mitigated with preventive controls since it is based on behaviors performed outside of the scope of enterprise defenses and controls.
Resource Development,Stage Capabilities,stage capability,This technique cannot be easily mitigated with preventive controls since it is based on behaviors performed outside of the scope of enterprise defenses and controls.
Initial Access,Drive-by Compromise,driveby compromise,"Ensure all browsers and plugins kept updated can help prevent the exploit phase of this technique. Use modern browsers with security features turned on. 
Browser sandboxes can be used to mitigate some of the impact of exploitation, but sandbox escapes may still exist.                                                                                                                            For malicious code served up through ads, adblockers can help prevent that code from executing in the first place.
Script blocking extensions can help prevent the execution of JavaScript that may commonly be used during the exploitation process.                     "
Initial Access,Exploit Public-Facing Application,exploit publicfacing application,Web Application Firewalls may be used to limit exposure of applications to prevent exploit traffic from reaching the application. Segment externally facing servers and services from the rest of the network with a DMZ or on separate hosting infrastructure.  Use least privilege for service accounts will limit what permissions the exploited process gets on the rest of the system.  Update software regularly by employing patch management for externally exposed applications. Regularly scan externally facing systems for vulnerabilities and establish procedures to rapidly patch systems when critical vulnerabilities are discovered through scanning and through public disclosure.
Initial Access,External Remote Services,external remote service,Disable or block remotely available services that may be unnecessary. Limit access to remote services through centrally managed concentrators such as VPNs and other managed remote access systems.  Use strong two-factor or multi-factor authentication for remote service accounts to mitigate an adversary's ability to leverage stolen credentials
Initial Access,Hardware Additions,hardware addition,"Block unknown devices and accessories by endpoint security configuration and monitoring agent.  Establish network access control policies, such as using device certificates and the 802.1x standard. [6] Restrict use of DHCP to registered devices to prevent unregistered devices from communicating with trusted systems."
Initial Access,Phishing,phishing,"Anti-virus can automatically quarantine suspicious files.  	
Perform audits or scans of systems, permissions, insecure software, insecure configurations, etc. to identify potential weaknesses.  Use anti-spoofing and email authentication mechanisms to filter messages based on validity checks of the sender domain (using SPF) and integrity of messages (using DKIM)"
Initial Access,Replication Through Removable Media,replication removable medium,"Limit the use of USB devices and removable media within a network.  Disable Autorun if it is unnecessary. Disallow or restrict removable media at an organizational policy level if it is not required for business operations.  enable Attack Surface Reduction (ASR) rules to block unsigned/untrusted executable files (such as .exe, .dll, or .scr) from running from USB removable drives."
Initial Access,Supply Chain Compromise,supply chain compromise,"A patch management process should be implemented to check unused dependencies, unmaintained and/or previously vulnerable dependencies, unnecessary features, components, files, and documentation. Continuous monitoring of vulnerability sources and the use of automatic and manual code review tools should also be implemented as well. Use secure methods to boot a system and verify the integrity of the operating system and loading mechanisms. "
Initial Access,Trusted Relationship,trusted relationship,Require MFA for all delegated administrator accounts. Properly manage accounts and permissions used by parties in trusted relationships to minimize potential abuse by the party and if the party is compromised by an adversary.
Initial Access,Valid Accounts,valid account,"Applications and appliances that utilize default username and password should be changed immediately after the installation, and before deployment to a production environment. Implement multi-factor authentication (MFA) across all account types, including default, local, domain, and cloud accounts, to prevent unauthorized access, even if credentials are compromised.  Audit domain and local accounts as well as their permission levels routinely to look for situations that could allow an adversary to gain wide access by obtaining credentials of a privileged account."
Execution,Command and Scripting Interpreter,command scripting interpreter,Anti-virus can be used to automatically quarantine suspicious files. Inventory systems for unauthorized command and scripting interpreter installations. enable Attack Surface Reduction (ASR) rules to prevent Visual Basic and JavaScript scripts from executing potentially malicious downloaded content. Prevent user installation of unrequired command and scripting interpreters. Disable or remove any unnecessary or unused shells or interpreters. Script blocking extensions can help prevent the execution of scripts and HTA files that may commonly be used during the exploitation process. 
Execution,Container Administration Command,container administration command,"Use read-only containers, read-only file systems, and minimal images when possible to prevent the execution of commands. Enforce authentication and role-based access control on the container service to restrict users to the least privileges required."
Execution,Deploy Container,deploy container,"Limit communications with the container service to managed and secured channels, such as local Unix sockets or remote access via SSH. Deny direct remote access to internal systems through the use of network proxies, gateways, and firewalls. "
Execution,Exploitation for Client Execution,exploitation client execution,"Browser sandboxes can be used to mitigate some of the impact of exploitation, but sandbox escapes may still exist.  Perform regular software updates to mitigate exploitation risk. Keeping software up-to-date with the latest security patches helps prevent adversaries from exploiting known vulnerabilities in client software, reducing the risk of successful attacks."
Execution,Inter-Process Communication,interprocess communication,"nable Attack Surface Reduction (ASR) rules to prevent DDE attacks and spawning of child processes from Office programs. Consider disabling embedded files in Office programs, such as OneNote, that do not work with Protected View."
Execution,Native API,native api,"Identify and block potentially malicious software executed that may be executed through this technique by using application control tools, like Windows Defender Application Contro, AppLocker, or Software Restriction Policies where appropriate. 
"
Execution,Scheduled Task/Job,scheduled taskjob,Restrict access by setting directory and file permissions that are not specific to users or privileged accounts. Toolkits like the PowerSploit framework contain PowerUp modules that can be used to explore systems for permission weaknesses in scheduled tasks that could be used to escalate privileges.
Execution,Shared Modules,shared module,Identify and block potentially malicious software executed through this technique by using application control tools capable of preventing unknown modules from being loaded.
Execution,Software Deployment Tools,software deployment tool,Patch deployment systems regularly to prevent potential remote access through Exploitation for Privilege Escalation. Grant access to application deployment systems only to a limited number of authorized administrators. Verify that account credentials that may be used to access deployment systems are unique and not used throughout the enterprise network. Ensure proper system isolation for critical network systems through use of firewalls. Ensure proper system and access isolation for critical network systems through use of multi-factor authentication. 
Execution,System Services,system service,Ensure that permissions disallow services that run at a higher permissions level from being created or interacted with by a user with a lower permission level.  Ensure that high permission level service binaries cannot be replaced or modified by users with a lower permission level. Ensure that permissions disallow services that run at a higher permissions level from being created or interacted with by a user with a lower permission level. 
Execution,User Execution,user execution,"If a link is being visited by a user, block unknown or unused files in transit by default that should not be downloaded or by policy from suspicious sites as a best practice to prevent some vectors, such as .scr, .exe, .pif, .cpl, etc.  Application control may be able to prevent the running of executables masquerading as other files. On Windows 10, enable Attack Surface Reduction (ASR) rules to prevent executable files from running unless they meet a prevalence, age, or trusted list criteria and to prevent Office applications from creating potentially malicious executable content by blocking malicious code from being written to disk. "
Execution,Windows Management Instrumentation,window management instrumentation,"On Windows 10, enable Attack Surface Reduction (ASR) rules to block processes created by WMI commands from running. Note: many legitimate tools and applications utilize WMI for command execution. Prevent credential overlap across systems of administrator and privileged accounts.  "
Persistence,Account Manipulation,account manipulation,"Remove unnecessary and potentially abusable authentication and authorization mechanisms where possible. Use multi-factor authentication for user and privileged accounts. Configure access controls and firewalls to limit access to critical systems and domain controllers. Protect domain controllers by ensuring proper security configuration for critical servers to limit access by potentially unnecessary protocols and services, such as SMB file sharing. Do not allow domain administrator accounts to be used for day-to-day operations that may expose them to potential adversaries on unprivileged systems."
Persistence,BITS Jobs,bit job,"Modify network and/or host firewall rules, as well as other network controls, to only allow legitimate BITS traffic. Consider limiting access to the BITS interface to specific users or groups."
Persistence,Boot or Logon Autostart Execution,boot logon autostart execution,This type of attack technique cannot be easily mitigated with preventive controls since it is based on the abuse of system features.
Persistence,Boot or Logon Initialization Scripts,boot logon initialization script,Restrict write access to logon scripts to specific administrators. Ensure proper permissions are set for Registry hives to prevent users from modifying keys for logon scripts that may lead to persistence. 
Persistence,Browser Extensions,browser extension,Ensure operating systems and browsers are using the most current version. Only install browser extensions from trusted sources that can be verified.  Ensure extensions that are installed are the intended ones as many malicious extensions will masquerade as legitimate ones. Close out all browser sessions when finished using them to prevent any potentially malicious extensions from continuing to run.
Persistence,Compromise Client Software Binary,compromise client software binary,Ensure all application component binaries are signed by the correct application developers.
Persistence,Create Account,create account,Use multi-factor authentication for user and privileged accounts. Configure access controls and firewalls to limit access to domain controllers and systems used to create and manage accounts. Protect domain controllers by ensuring proper security configuration for critical servers. Limit the number of accounts with permissions to create other accounts. 
Persistence,Create or Modify System Process,create modify system process,"Use auditing tools capable of detecting privilege and service abuse opportunities on systems within an enterprise and correct them. Restrict software installation to trusted repositories only and be cautious of orphaned software packages. Manage the creation, modification, use, and permissions associated to privileged accounts, including SYSTEM and root. Restrict read/write access to system-level process files to only select privileged users who have a legitimate need to manage system services. Limit privileges of user accounts and groups so that only authorized administrators can interact with system-level process changes and service configurations."
Persistence,Event Triggered Execution,event triggered execution,"Manage the creation, modification, use, and permissions associated to privileged accounts, including SYSTEM and root. Perform regular software updates to mitigate exploitation risk."
Persistence,External Remote Services,external remote service,"Disable or block remotely available services that may be unnecessary.  Limit access to remote services through centrally managed concentrators such as VPNs and other managed remote access systems. Use strong two-factor or multi-factor authentication for remote service accounts to mitigate an adversary's ability to leverage stolen credentials, but be aware of Multi-Factor Authentication Interception techniques for some two-factor authentication implementations. Deny direct remote access to internal systems through the use of network proxies, gateways, and firewalls."
Persistence,Hijack Execution Flow,hijack execution flow,"When possible, include hash values in manifest files to help prevent side-loading of malicious libraries. Disallow loading of remote DLLs.  Adversaries may use new payloads to execute this technique. Identify and block potentially malicious software executed through hijacking by using application control solutions also capable of blocking libraries loaded by legitimate software. Update software regularly to include patches that fix DLL side-loading vulnerabilities. Ensure proper permissions are set for Registry hives to prevent users from modifying keys for system components that may lead to privilege escalation. Limit privileges of user accounts and groups so that only authorized administrators can interact with service changes and service binary target path locations."
Persistence,Implant Internal Image,implant internal image,Limit permissions associated with creating and modifying platform images or containers based on the principle of least privilege. Periodically check the integrity of images and containers used in cloud deployments to ensure they have not been modified to include malicious software.
Persistence,Modify Authentication ProcessOffice Application Startup,modify authentication processoffice application startup,"ntegrating multi-factor authentication (MFA) as part of organizational policy can greatly reduce the risk of an adversary gaining control of valid credentials that may be used for additional tactics such as initial access, lateral movement, and collecting information. MFA can also be used to restrict access to cloud resources and APIs. "
Persistence,Pre-OS Boot,preos boot,"Prevent access to file shares, remote access to systems, unnecessary services. Mechanisms to limit access may include use of network concentrators, RDP gateways, etc. Ensure proper permissions are in place to help prevent adversary access to privileged accounts necessary to perform these actions. Patch the BIOS and EFI as necessary."
Persistence,Scheduled Task/Job,scheduled taskjob,Restrict access by setting directory and file permissions that are not specific to users or privileged accounts.  Limit privileges of user accounts and remediate Privilege Escalation vectors so only authorized administrators can create scheduled tasks on remote systems.
Persistence,Server Software Component,server software component,Consider disabling software components from servers when possible to prevent abuse by adversaries. Enforce the principle of least privilege by limiting privileges of user accounts so only authorized accounts can modify and/or add server software components.
Persistence,Traffic Signaling,traffic signaling,"Disable Wake-on-LAN if it is not needed within an environment. Mitigation of some variants of this technique could be achieved through the use of stateful firewalls, depending upon how it is implemented."
Persistence,Valid Accounts,valid account,"Use conditional access policies to block logins from non-compliant devices or from outside defined organization IP ranges. Disable legacy authentication, which does not support MFA, and require the use of modern authentication protocols instead. Ensure that applications do not store sensitive data or credentials insecurely. (e.g. plaintext credentials in code, published credentials in repositories, or credentials in public cloud storage). Implement multi-factor authentication (MFA) across all account types, including default, local, domain, and cloud accounts, to prevent unauthorized access, even if credentials are compromised."
Privilege Escalation,Abuse Elevation Control Mechanism,abuse elevation control mechanism,System settings can prevent applications from running that haven't been downloaded from legitimate repositories which may help mitigate some of these issues. Not allowing unsigned applications from being run may also mitigate some risk. Perform regular software updates to mitigate exploitation risk. The sudoers file should be strictly edited such that passwords are always required and that users can't spawn risky processes as users with higher privilege.
Privilege Escalation,Access Token Manipulation,access token manipulation,Limit permissions so that users and user groups cannot create tokens.  An adversary must already have administrator level access on the local system to make full use of this technique; be sure to restrict users and accounts to the least privileges they require.
Privilege Escalation,Boot or Logon Autostart Execution,boot logon autostart execution,This type of attack technique cannot be easily mitigated with preventive controls since it is based on the abuse of system features.
Privilege Escalation,Boot or Logon Initialization Scripts,boot logon initialization script,Restrict write access to logon scripts to specific administrators.  Ensure proper permissions are set for Registry hives to prevent users from modifying keys for logon scripts that may lead to persistence.
Privilege Escalation,Create or Modify System Process,create modify system process,"Use auditing tools capable of detecting privilege and service abuse opportunities on systems within an enterprise and correct them.  Restrict software installation to trusted repositories only and be cautious of orphaned software packages. Manage the creation, modification, use, and permissions associated to privileged accounts, including SYSTEM and root.Restrict read/write access to system-level process files to only select privileged users who have a legitimate need to manage system services. "
Privilege Escalation,Domain Policy Modification,domain policy modification,Use least privilege and protect administrative access to the Domain Controller and Active Directory Federation Services (AD FS) server. Do not create service accounts with administrative privileges. 
Privilege Escalation,Escape to Host,escape host,"Remove unnecessary tools and software from containers. Use read-only containers, read-only file systems, and minimal images when possible to prevent the running of commands. Ensure containers are not running as root by default and do not use unnecessary privileges or mounted components. In Kubernetes environments, consider defining Pod Security Standards that prevent pods from running privileged containers."
Privilege Escalation,Event Triggered Execution,event triggered execution,"Manage the creation, modification, use, and permissions associated to privileged accounts, including SYSTEM and root. Perform regular software updates to mitigate exploitation risk."
Privilege Escalation,Exploitation for Privilege Escalation,exploitation privilege escalation,Update software regularly by employing patch management for internal enterprise endpoints and servers. Consider blocking the execution of known vulnerable drivers that adversaries may exploit to execute code in kernel mode.  Security applications that look for behavior used during exploitation such as Windows Defender Exploit Guard (WDEG) and the Enhanced Mitigation Experience Toolkit (EMET) can be used to mitigate some exploitation behavior. Make it difficult for adversaries to advance their operation through exploitation of undiscovered or unpatched vulnerabilities by using sandboxing. 
Privilege Escalation,Hijack Execution Flow,hijack execution flow,"Update software regularly to include patches that fix DLL side-loading vulnerabilities. Limit privileges of user accounts and groups so that only authorized administrators can interact with service changes and service binary target path locations. Deny execution from user directories such as file download directories and temp directories where able. Ensure proper permissions are set for Registry hives to prevent users from modifying keys for system components that may lead to privilege escalation. When possible, include hash values in manifest files to help prevent side-loading of malicious libraries."
Privilege Escalation,Process Injectio,process injectio,"Some endpoint security solutions can be configured to block some types of process injection based on common sequences of behavior that occur during the injection process. For example, on Windows 10, Attack Surface Reduction (ASR) rules may prevent Office applications from code injection."
Privilege Escalation,Scheduled Task/Job,scheduled taskjob,Restrict access by setting directory and file permissions that are not specific to users or privileged accounts. Limit privileges of user accounts and remediate Privilege Escalation vectors so only authorized administrators can create scheduled tasks on remote systems.
Privilege Escalation,Valid Accounts,valid account,"Use conditional access policies to block logins from non-compliant devices or from outside defined organization IP ranges.  Disable legacy authentication, which does not support MFA, and require the use of modern authentication protocols instead. Ensure that applications do not store sensitive data or credentials insecurely. Regularly audit user accounts for activity and deactivate or remove any that are no longer needed."
Defense Evasion,Abuse Elevation Control Mechanism,abuse elevation control mechanism,"System settings can prevent applications from running that haven't been downloaded from legitimate repositories which may help mitigate some of these issues. Not allowing unsigned applications from being run may also mitigate some risk.  	
Perform regular software updates to mitigate exploitation risk. "
Defense Evasion,Access Token Manipulation,access token manipulation,be sure to restrict users and accounts to the least privileges they require.
Defense Evasion,BITS Jobs,bit job,"Modify network and/or host firewall rules, as well as other network controls, to only allow legitimate BITS traffic.  Consider limiting access to the BITS interface to specific users or groups."
Defense Evasion,Build Image on Host,build image host,"Deny direct remote access to internal systems through the use of network proxies, gateways, and firewalls. Audit images deployed within the environment to ensure they do not contain any malicious components. Ensure containers are not running as root by default."
Defense Evasion,Debugger Evasion,debugger evasion,This type of attack technique cannot be easily mitigated with preventive controls since it is based on the abuse of system features.
Defense Evasion,Deobfuscate/Decode Files or Information,deobfuscatedecode file information,This type of attack technique cannot be easily mitigated with preventive controls since it is based on the abuse of system features.
Defense Evasion,Deploy Container,deploy container,"Deny direct remote access to internal systems through the use of network proxies, gateways, and firewalls.  Scan images before deployment, and block those that are not in compliance with security policies. Enforce the principle of least privilege by limiting container dashboard access to only the necessary users. "
Defense Evasion,Direct Volume Access,direct volume access,"Some endpoint security solutions can be configured to block some types of behaviors related to efforts by an adversary to create backups, such as command execution or preventing API calls to backup related services. Ensure only accounts required to configure and manage backups have the privileges to do so. Monitor these accounts for unauthorized backup activity."
Defense Evasion,Domain Policy Modification,domain policy modification,Use least privilege and protect administrative access to the Domain Controller and Active Directory Federation Services (AD FS) server. Do not create service accounts with administrative privileges. Consider implementing WMI and security filtering to further tailor which users and computers a GPO will apply to.
Defense Evasion,Execution Guardrails,execution guardrail,"Execution Guardrails likely should not be mitigated with preventative controls because it may protect unintended targets from being compromised. If targeted, efforts should be focused on preventing adversary tools from running earlier in the chain of activity and on identifying subsequent malicious behavior if compromised."
Defense Evasion,Exploitation for Defense Evasion,exploitation defense evasion,Update software regularly by employing patch management for internal enterprise endpoints and servers.  Make it difficult for adversaries to advance their operation through exploitation of undiscovered or unpatched vulnerabilities by using sandboxing.
Defense Evasion,File and Directory Permissions Modification,file directory permission modification,"Ensure critical system files as well as those known to be abused by adversaries have restrictive permissions and are owned by an appropriately privileged account, especially if access is not required by users nor will inhibit system functionality. Applying more restrictive permissions to files and directories could prevent adversaries from modifying their access control lists."
Defense Evasion,Hide Artifacts,hide artifact,"Review and audit file/folder exclusions, and limit scope of exclusions to only what is required where possible. Restrict the installation of software that may be abused to create hidden desktops, such as hVNC, to user groups that require it."
Defense Evasion,Hijack Execution Flow,hijack execution flow,"When possible, include hash values in manifest files to help prevent side-loading of malicious libraries.  Install software in write-protected locations. Set directory access controls to prevent file writes to the search paths for applications, both in the folders where applications are run from and the standard library folders. Disallow loading of remote DLLs.  Update software regularly to include patches that fix DLL side-loading vulnerabilities. Ensure proper permissions are set for Registry hives to prevent users from modifying keys for system components that may lead to privilege escalation. "
Defense Evasion,Impair Defenses,impair defense,Routinely check account role permissions to ensure only expected users and roles have permission to modify defensive tools and settings. Ensure that only approved security applications are used and running on enterprise systems. Ensure proper process and file permissions are in place to prevent adversaries from disabling or interfering with security/logging services. Ensure proper Registry permissions are in place to prevent adversaries from disabling or interfering with security/logging services. 
Defense Evasion,Indicator Removal on Host,indicator removal host,Obfuscate/encrypt event files locally and in transit to avoid giving feedback to an adversary. Automatically forward events to a log server or data repository to prevent conditions in which the adversary can locate and manipulate data on the local system. Protect generated event files that are stored locally with proper permissions and authentication and limit opportunities for adversaries to increase privileges by preventing Privilege Escalation opportunities.
Defense Evasion,Indirect Command Execution,indirect command execution,This type of attack technique cannot be easily mitigated with preventive controls since it is based on the abuse of system features.
Defense Evasion,Masquerading,masquerading,"Anti-virus can be used to automatically quarantine suspicious files.  Implement security controls on the endpoint, such as a Host Intrusion Prevention System (HIPS), to identify and prevent execution of potentially malicious files. Use tools that restrict program execution via application control by attributes other than file name for common operating system utilities that are needed. "
Defense Evasion,Modify Authentication Process,modify authentication process,"Integrating multi-factor authentication (MFA) as part of organizational policy can greatly reduce the risk of an adversary gaining control of valid credentials that may be used for additional tactics such as initial access, lateral movement, and collecting information. MFA can also be used to restrict access to cloud resources and APIs. "
Defense Evasion,Modify Cloud Compute Infrastructure,modify cloud compute infrastructure,"Routinely monitor user permissions to ensure only the expected users have the capability to modify cloud compute infrastructure components. Limit permissions for creating, deleting, and otherwise altering compute components in accordance with least privilege. "
Defense Evasion,Modify Registry,modify registry,Ensure proper permissions are set for Registry hives to prevent users from modifying keys for system components that may lead to privilege escalation.
Defense Evasion,Modify System Image,modify system image,"Restrict administrator accounts to as few individuals as possible, following least privilege principles. Use multi-factor authentication for user and privileged accounts. Most embedded network devices support TACACS+ and/or RADIUS. Follow vendor prescribed best practices for hardening access control. Ensure that, where available, local passwords are always encrypted, per vendor recommendations."
Defense Evasion,Network Boundary Bridging,network boundary bridging,"Upon identifying a compromised network device being used to bridge a network boundary, block the malicious packets using an unaffected network device in path, such as a firewall or a router that has not been compromised. Continue to monitor for additional activity and to ensure that the blocks are indeed effective."
Defense Evasion,Obfuscated Files or Information,obfuscated file information,"Anti-virus can be used to automatically detect and quarantine suspicious files. Consider utilizing the Antimalware Scan Interface (AMSI) on Windows 10+ to analyze commands after being processed/interpreted. On Windows 10+, enable Attack Surface Reduction (ASR) rules to prevent execution of potentially obfuscated payloads."
Defense Evasion,Plist File Modification,plist file modification,Ensure applications are using Apple's developer guidance which enables hardened runtime.
Defense Evasion,Pre-OS Boot,preos boot,"Perform audits or scans of systems, permissions, insecure software, insecure configurations, etc. to identify potential weaknesses. Use Trusted Platform Module technology and a secure or trusted boot process to prevent system integrity from being compromised. Check the integrity of the existing BIOS or EFI to determine if it is vulnerable to modification. Ensure proper permissions are in place to help prevent adversary access to privileged accounts necessary to perform these actions. Patch the BIOS and EFI as necessary. "
Defense Evasion,Process Injection,process injection,"Some endpoint security solutions can be configured to block some types of process injection based on common sequences of behavior that occur during the injection process. For example, on Windows 10, Attack Surface Reduction (ASR) rules may prevent Office applications from code injection. "
Defense Evasion,Reflective Code Loading,reflective code loading,This type of attack technique cannot be easily mitigated with preventive controls since it is based on the abuse of system features.
Defense Evasion,Rogue Domain Controller,rogue domain controller,This type of attack technique cannot be easily mitigated with preventive controls since it is based on the abuse of system features.
Defense Evasion,Rootkit,rootkit,This type of attack technique cannot be easily mitigated with preventive controls since it is based on the abuse of system features.
Defense Evasion,Subvert Trust Controls,subvert trust control,"Ensure proper permissions are set for Registry hives to prevent users from modifying keys related to SIP and trust provider components. Components may still be able to be hijacked to suitable functions already present on disk if malicious modifications to Registry keys are not prevented. Manage the creation, modification, use, and permissions associated to privileged accounts, including SYSTEM and root. System settings can prevent applications from running that haven't been downloaded through the Apple Store (or other legitimate repositories) which can help mitigate some of these issues. Also enable application control solutions such as AppLocker and/or Device Guard to block the loading of malicious content."
Defense Evasion,System Binary Proxy Execution,system binary proxy execution,"Consider using application control to prevent execution of binaries that are susceptible to abuse and not required for a given system or network. Use network appliances to filter ingress or egress traffic and perform protocol-based filtering. Configure software on endpoints to filter network traffic. Restrict execution of particularly vulnerable binaries to privileged accounts or groups that need to use it to lessen the opportunities for malicious usage. Restrict use of certain websites, block downloads/attachments, block Javascript, restrict browser extensions, etc."
Defense Evasion,System Script Proxy Execution,system script proxy execution,Certain signed scripts that can be used to execute other programs may not be necessary within a given environment. Use application control configured to block execution of these scripts if they are not required for a given system or network to prevent potential misuse by adversaries.
Defense Evasion,Template Injection,template injection,"Network/Host intrusion prevention systems, antivirus, and detonation chambers can be employed to prevent documents from fetching and/or executing malicious payloads. Consider disabling Microsoft Office macros/active content to prevent the execution of malicious payloads in documents. Network/Host intrusion prevention systems, antivirus, and detonation chambers can be employed to prevent documents from fetching and/or executing malicious payloads."
Defense Evasion,Traffic Signaling,traffic signaling,"Mitigation of some variants of this technique could be achieved through the use of stateful firewalls, depending upon how it is implemented."
Defense Evasion,Trusted Developer Utilities Proxy Execution,trusted developer utility proxy execution,Consider disabling software installation or execution from the internet via developer utilities. Certain developer utilities should be blocked or restricted if not required.
Defense Evasion,Unused/Unsupported Cloud Regions,unusedunsupported cloud region,Cloud service providers may allow customers to deactivate unused regions.
Defense Evasion,Use Alternate Authentication Material,use alternate authentication material,"Where possible, consider restricting the use of authentication material outside of expected contexts. Perform audits or scans of systems, permissions, insecure software, insecure configurations, etc. to identify potential weaknesses. Set and enforce secure password policies for accounts. Limit credential overlap across systems to prevent the damage of credential compromise and reduce the adversary's ability to perform Lateral Movement between systems. Enforce the principle of least-privilege. Do not allow a domain user to be in the local administrator group on multiple systems."
Defense Evasion,Valid Accounts,valid account,"Use conditional access policies to block logins from non-compliant devices or from outside defined organization IP ranges. Implement multi-factor authentication (MFA) across all account types, including default, local, domain, and cloud accounts, to prevent unauthorized access, even if credentials are compromised. MFA provides a critical layer of security by requiring multiple forms of verification beyond just a password. This measure significantly reduces the risk of adversaries abusing valid accounts to gain initial access, escalate privileges, maintain persistence, or evade defenses within your network. "
Defense Evasion,Virtualization/Sandbox Evasion,virtualizationsandbox evasion,This type of attack technique cannot be easily mitigated with preventive controls since it is based on the abuse of system features.
Defense Evasion,Weaken Encryption,weaken encryption,This type of attack technique cannot be easily mitigated with preventive controls since it is based on the abuse of system features.
Defense Evasion,XSL Script Processing,xsl script processing,"If msxsl.exe is unnecessary, then block its execution to prevent abuse by adversaries."
Credential Access,Adversary-in-the-Middle,adversaryinthemiddle,"Network intrusion detection and prevention systems that can identify traffic patterns indicative of AiTM activity can be used to mitigate activity at the network level. Use network appliances and host-based security software to block network traffic that is not necessary within the environment, such as legacy protocols that may be leveraged for AiTM conditions. Ensure that all wired and/or wireless traffic is encrypted appropriately. "
Credential Access,Brute Force,brute force,"Use multi-factor authentication. Where possible, also enable multi-factor authentication on externally facing services. Proactively reset accounts that are known to be part of breached credentials either immediately, or after detecting bruteforce attempts. "
Credential Access,Credentials from Password Stores,credential password store,The password for the user's login keychain can be changed from the user's login password. This increases the complexity for an adversary because they need to know an additional password. Limit the number of accounts and services with permission to query information from password stores to only those required. Ensure that accounts and services with permissions to query password stores only have access to the secrets they require. Perform regular software updates to mitigate exploitation risk.
Credential Access,Exploitation for Credential Access,exploitation credential access,Update software regularly by employing patch management for internal enterprise endpoints and servers. Security applications that look for behavior used during exploitation such as Windows Defender Exploit Guard (WDEG) and the Enhanced Mitigation Experience Toolkit (EMET) can be used to mitigate some exploitation behavior. 
Credential Access,Forced Authentication,forced authentication,"Use strong passwords to increase the difficulty of credential hashes from being cracked if they are obtained. Block SMB traffic from exiting an enterprise network with egress filtering or by blocking TCP ports 139, 445 and UDP port 137. Filter or block WebDAV protocol traffic from exiting the network. If access to external resources over SMB and WebDAV is necessary, then traffic should be tightly limited with allowlisting."
Credential Access,Forge Web Credentials,forge web credential,Restrict permissions and access to the AD FS server to only originate from privileged access workstations. Configure browsers/applications to regularly delete persistent web credentials (such as cookies). 
Credential Access,Input Capture,input capture,This type of attack technique cannot be easily mitigated with preventive controls since it is based on the abuse of system features.
Credential Access,Modify Authentication Process,modify authentication process,"Ensure that proper policies are implemented to dictate the the secure enrollment and deactivation of authentication mechanisms, such as MFA, for user accounts. "
Credential Access,Multi-Factor Authentication Interception,multifactor authentication interception,Remove smart cards when not in use.
Credential Access,Multi-Factor Authentication Request Generation,multifactor authentication request generation,"Enable account restrictions to prevent login attempts, and the subsequent 2FA/MFA service requests, from being initiated from suspicious locations or when the source of the login attempts do not match the location of the 2FA/MFA smart device. Use conditional access policies to block logins from non-compliant devices or from outside defined organization IP ranges. "
Credential Access,Network Sniffing,network sniffing,"Use multi-factor authentication wherever possible. Use best practices for authentication protocols, such as Kerberos, and ensure web traffic that may contain credentials is protected by SSL/TLS."
Credential Access,OS Credential Dumping,o credential dumping,"Ensure that local administrator accounts have complex, unique passwords across all systems on the network. "
Credential Access,Steal Application Access Token,steal application access token,"Users need to be trained to not authorize third-party applications they don?t recognize. The user should pay particular attention to the redirect URL: if the URL is a misspelled or convoluted sequence of words related to an expected service or SaaS application, the website is likely trying to spoof a legitimate service. Users should also be cautious about the permissions they are granting to apps."
Credential Access,Steal or Forge Kerberos Tickets,steal forge kerberos ticket,"Perform audits or scans of systems, permissions, insecure software, insecure configurations, etc. to identify potential weaknesses.  Ensure strong password length (ideally 25+ characters) and complexity for service accounts and that these passwords periodically expire."
Credential Access,Steal Web Session Cookie,steal web session cookie,"Configure browsers or tasks to regularly delete persistent cookies.
Additionally, minimize the length of time a web cookie is viable to potentially reduce the impact of stolen cookies while also increasing the needed frequency of cookie theft attempts. Regularly update web browsers, password managers, and all related software to the latest versions. Keeping software up-to-date reduces the risk of vulnerabilities being exploited by attackers to extract stored credentials or session cookies."
Credential Access,Unsecured Credentials,unsecured credential,"Remove vulnerable Group Policy Preferences. Preemptively search for files containing passwords or other credentials and take actions to reduce the exposure risk when found.  Limit network access to sensitive services, such as the Instance Metadata API. If it is necessary that software must store credentials in the Registry, then ensure the associated accounts have limited permissions so they cannot be abused if obtained by an adversary. Restrict file shares to specific directories with access only to necessary users."
Discovery,Account Discovery,account discovery,"Manage the creation, modification, use, and permissions associated to user accounts. "
Discovery,Application Window Discovery,application window discovery,This type of attack technique cannot be easily mitigated with preventive controls since it is based on the abuse of system features.
Discovery,Browser Bookmark Discovery,browser bookmark discovery,This type of attack technique cannot be easily mitigated with preventive controls since it is based on the abuse of system features.
Discovery,Cloud Infrastructure Discovery,cloud infrastructure discovery,"Limit permissions to discover cloud infrastructure in accordance with least privilege. Organizations should limit the number of users within the organization with an IAM role that has administrative privileges, strive to reduce all permanent privileged role assignments, and conduct periodic entitlement reviews on IAM users, roles and policies."
Discovery,Cloud Service Dashboard,cloud service dashboard,Enforce the principle of least-privilege by limiting dashboard visibility to only the resources required. This may limit the discovery value of the dashboard in the event of a compromised account.
Discovery,Cloud Service Discovery,cloud service discovery,This type of attack technique cannot be easily mitigated with preventive controls since it is based on the abuse of system features.
Discovery,Cloud Storage Object Discovery,cloud storage object discovery,Restrict granting of permissions related to listing objects in cloud storage to necessary accounts.
Discovery,Container and Resource Discovery,container resource discovery,"Deny direct remote access to internal systems through the use of network proxies, gateways, and firewalls. Limit communications with the container service to managed and secured channels, such as local Unix sockets or remote access via SSH. Require secure port access to communicate with the APIs over TLS by disabling unauthenticated access to the Docker API and Kubernetes API Server. Enforce the principle of least privilege by limiting dashboard visibility to only the required users."
Discovery,Debugger Evasion,debugger evasion,This type of attack technique cannot be easily mitigated with preventive controls since it is based on the abuse of system features.
Discovery,Domain Trust Discovery,domain trust discovery,Map the trusts within existing domains/forests and keep trust relationships to a minimum. Employ network segmentation for sensitive domains.
Discovery,File and Directory Discovery,file directory discovery,This type of attack technique cannot be easily mitigated with preventive controls since it is based on the abuse of system features.
Discovery,Group Policy Discovery,group policy discovery,This type of attack technique cannot be easily mitigated with preventive controls since it is based on the abuse of system features.
Discovery,Network Service Discovery,network service discovery,Ensure that unnecessary ports and services are closed to prevent risk of discovery and potential exploitation. Use network intrusion detection/prevention systems to detect and prevent remote service scans. Ensure proper network segmentation is followed to protect critical servers and devices.
Discovery,Network Share Discovery,network share discovery,"Enable Windows Group Policy ""Do Not Allow Anonymous Enumeration of SAM Accounts and Shares"" security setting to limit users who can enumerate network shares."
Discovery,Network Sniffing,network sniffing,"Ensure that all wired and/or wireless traffic is encrypted appropriately. Use best practices for authentication protocols, such as Kerberos, and ensure web traffic that may contain credentials is protected by SSL/TLS. Use multi-factor authentication wherever possible. In cloud environments, ensure that users are not granted permissions to create or modify traffic mirrors unless this is explicitly required."
Discovery,Password Policy Discovery,password policy discovery,Ensure only valid password filters are registered.
Discovery,Peripheral Device Discovery,peripheral device discovery,This type of attack technique cannot be easily mitigated with preventive controls since it is based on the abuse of system features.
Discovery,Permission Groups Discovery,permission group discovery,This type of attack technique cannot be easily mitigated with preventive controls since it is based on the abuse of system features.
Discovery,Process Discovery,process discovery,This type of attack technique cannot be easily mitigated with preventive controls since it is based on the abuse of system features.
Discovery,Query Registry,query registry,This type of attack technique cannot be easily mitigated with preventive controls since it is based on the abuse of system features.
Discovery,Remote System Discovery,remote system discovery,This type of attack technique cannot be easily mitigated with preventive controls since it is based on the abuse of system features.
Discovery,Software Discovery,software discovery,This type of attack technique cannot be easily mitigated with preventive controls since it is based on the abuse of system features.
Discovery,System Information Discovery,system information discovery,This type of attack technique cannot be easily mitigated with preventive controls since it is based on the abuse of system features.
Discovery,System Location Discovery,system location discovery,This type of attack technique cannot be easily mitigated with preventive controls since it is based on the abuse of system features.
Discovery,System Network Configuration Discovery,system network configuration discovery,This type of attack technique cannot be easily mitigated with preventive controls since it is based on the abuse of system features.
Discovery,System Network Connections Discovery,system network connection discovery,This type of attack technique cannot be easily mitigated with preventive controls since it is based on the abuse of system features.
Discovery,System Owner/User Discovery,system owneruser discovery,This type of attack technique cannot be easily mitigated with preventive controls since it is based on the abuse of system features.
Discovery,System Service Discovery,system service discovery,This type of attack technique cannot be easily mitigated with preventive controls since it is based on the abuse of system features.
Discovery,System Time Discovery,system time discovery,This type of attack technique cannot be easily mitigated with preventive controls since it is based on the abuse of system features.
Discovery,Virtualization/Sandbox Evasion,virtualizationsandbox evasion,This type of attack technique cannot be easily mitigated with preventive controls since it is based on the abuse of system features.
Lateral Movement,Exploitation of Remote Services,exploitation remote service,Minimize available services to only those that are necessary. Minimize permissions and access for service accounts to limit impact of exploitation. Update software regularly by employing patch management for internal enterprise endpoints and servers. 
Lateral Movement,Internal Spearphishing,internal spearphishing,This type of attack technique cannot be easily mitigated with preventive controls since it is based on the abuse of system features.
Lateral Movement,Lateral Tool Transfer,lateral tool transfer,"Consider using the host firewall to restrict file sharing communications such as SMB. Network intrusion detection and prevention systems that use network signatures to identify traffic for specific adversary malware or unusual data transfer over known tools and protocols like FTP can be used to mitigate activity at the network level. Signatures are often for unique indicators within protocols and may be based on the specific obfuscation technique used by a particular adversary or tool, and will likely be different across various malware families and versions. "
Lateral Movement,Remote Service Session Hijacking,remote service session hijacking,"Disable the remote service (ex: SSH, RDP, etc.) if it is unnecessary. Enable firewall rules to block unnecessary traffic between network security zones within a network. Set and enforce secure password policies for accounts. Do not allow remote access to services as a privileged account unless necessary. Limit remote user permissions if remote access is necessary."
Lateral Movement,Remote Services,remote service,"If remote services, such as the ability to make direct connections to cloud virtual machines, are not required, disable these connection types where feasible. Prevent access to file shares, remote access to systems, unnecessary services. Mechanisms to limit access may include use of network concentrators, RDP gateways, etc. Use multi-factor authentication on remote service logons where possible. Do not reuse local administrator account passwords across systems. Ensure password complexity and uniqueness such that the passwords cannot be cracked or guessed."
Lateral Movement,Replication Through Removable Media,replication removable medium,"On Windows 10, enable Attack Surface Reduction (ASR) rules to block unsigned/untrusted executable files (such as .exe, .dll, or .scr) from running from USB removable drives. Limit the use of USB devices and removable media within a network. "
Lateral Movement,Software Deployment Tools,software deployment tool,Patch deployment systems regularly to prevent potential remote access through Exploitation for Privilege Escalation.  Verify that account credentials that may be used to access deployment systems are unique and not used throughout the enterprise network. Grant access to application deployment systems only to a limited number of authorized administrators. Ensure proper system and access isolation for critical network systems through use of multi-factor authentication.
Lateral Movement,Taint Shared Content,taint shared content,"Anti-virus can be used to automatically quarantine suspicious files. Protect shared folders by minimizing users who have write access. Use utilities that detect or mitigate common features used in exploitation, such as the Microsoft Enhanced Mitigation Experience Toolkit (EMET)."
Lateral Movement,Use Alternate Authentication Material,use alternate authentication material,"Where possible, consider restricting the use of authentication material outside of expected contexts.  Configure Active Directory to prevent use of certain techniques; use SID Filtering, etc. Set and enforce secure password policies for accounts. Enforce the principle of least-privilege. Do not allow a domain user to be in the local administrator group on multiple systems."
Collection,Adversary-in-the-Middle,adversaryinthemiddle,"Disable legacy network protocols that may be used to intercept network traffic if applicable, especially those that are not needed within an environment.  Network intrusion detection and prevention systems that can identify traffic patterns indicative of AiTM activity can be used to mitigate activity at the network level.  	
Use network appliances and host-based security software to block network traffic that is not necessary within the environment, such as legacy protocols that may be leveraged for AiTM conditions."
Collection,Archive Collected Data,archive collected data,System scans can be performed to identify unauthorized archival utilities.
Collection,Audio Capture,audio capture,This type of attack technique cannot be easily mitigated with preventive controls since it is based on the abuse of system features.
Collection,Automated Collection,automated collection,"Encryption and off-system storage of sensitive information may be one way to mitigate collection of files, but may not stop an adversary from acquiring the information if an intrusion persists over a long period of time and the adversary is able to discover and access the data through other means. Strong passwords should be used on certain encrypted documents that use them to prevent offline cracking through Brute Force techniques."
Collection,Browser Session Hijacking,browser session hijacking,"Since browser pivoting requires a high integrity process to launch from, restricting user permissions and addressing Privilege Escalation and Bypass User Account Control opportunities can limit the exposure to this technique."
Collection,Clipboard Data,clipboard data,This type of attack technique cannot be easily mitigated with preventive controls since it is based on the abuse of system features.
Collection,Data from Cloud Storage Object,data cloud storage object,Use access control lists on storage systems and objects. Consider using multi-factor authentication to restrict access to resources and cloud storage APIs.
Collection,Data from Configuration Repository,data configuration repository,Apply extended ACLs to block unauthorized protocols outside the trusted network. Keep system images and software updated and migrate to SNMPv3.
Collection,Data from Information Repositories,data information repository,Consider implementing data retention policies to automate periodically archiving and/or deleting data that is no longer needed. Use two or more pieces of evidence to authenticate to a system; such as username and password in addition to a token from a physical smart card or token generator. Encrypt data stored at rest in databases.
Collection,Data from Local System,data local system,Data loss prevention can restrict access to sensitive data and detect sensitive data that is unencrypted.
Collection,Data from Network Shared Drive,data network shared drive,"This type of attack technique cannot be easily mitigated with preventive controls since it is based on the abuse of system features.
"
Collection,Data from Removable Media,data removable medium,Data loss prevention can restrict access to sensitive data and detect sensitive data that is unencrypted.
Collection,Data Staged,data staged,This type of attack technique cannot be easily mitigated with preventive controls since it is based on the abuse of system features.
Collection,Email Collection,email collection,Use of multi-factor authentication for public-facing webmail servers is a recommended best practice to minimize the usefulness of usernames and passwords to adversaries. Use of encryption provides an added layer of security to sensitive information sent over email. Encryption using public key cryptography requires the adversary to obtain the private certificate along with an encryption key to decrypt messages.
Collection,Input Capture,input capture,This type of attack technique cannot be easily mitigated with preventive controls since it is based on the abuse of system features.
Collection,Screen Capture,screen capture,This type of attack technique cannot be easily mitigated with preventive controls since it is based on the abuse of system features.
Collection,Video Capture,video capture,This type of attack technique cannot be easily mitigated with preventive controls since it is based on the abuse of system features. 
Command and Control,Application Layer Protocol,application layer protocol,Use network appliances to filter ingress or egress traffic and perform protocol-based filtering. Configure software on endpoints to filter network traffic. Network intrusion detection and prevention systems that use network signatures to identify traffic for specific adversary malware can be used to mitigate activity at the network level.
Command and Control,Communication Through Removable Media,communication removable medium,Disable Autoruns if it is unnecessary.  Disallow or restrict removable media at an organizational policy level if they are not required for business operations.
Command and Control,Data Encoding,data encoding,"Network intrusion detection and prevention systems that use network signatures to identify traffic for specific adversary malware can be used to mitigate activity at the network level. Signatures are often for unique indicators within protocols and may be based on the specific obfuscation technique used by a particular adversary or tool, and will likely be different across various malware families and versions. Adversaries will likely change tool C2 signatures over time or construct protocols in such a way as to avoid detection by common defensive tools."
Command and Control,Data Obfuscation,data obfuscation,Network intrusion detection and prevention systems that use network signatures to identify traffic for specific adversary malware can be used to mitigate some obfuscation activity at the network level.
Command and Control,Dynamic Resolution,dynamic resolution,"Network intrusion detection and prevention systems that use network signatures to identify traffic for specific adversary malware can be used to mitigate activity at the network level. Malware researchers can reverse engineer malware variants that use dynamic resolution and determine future C2 infrastructure that the malware will attempt to contact, but this is a time and resource intensive effort."
Command and Control,Encrypted Channel,encrypted channel,Network intrusion detection and prevention systems that use network signatures to identify traffic for specific adversary malware can be used to mitigate activity at the network level. SSL/TLS inspection can be used to see the contents of encrypted sessions to look for network-based indicators of malware communication protocols.
Command and Control,Fallback Channels,fallback channel,"Network intrusion detection and prevention systems that use network signatures to identify traffic for specific adversary malware can be used to mitigate activity at the network level. Signatures are often for unique indicators within protocols and may be based on the specific protocol used by a particular adversary or tool, and will likely be different across various malware families and versions. Adversaries will likely change tool C2 signatures over time or construct protocols in such a way as to avoid detection by common defensive tools."
Command and Control,Ingress Tool Transfer,ingres tool transfer,"Network intrusion detection and prevention systems that use network signatures to identify traffic for specific adversary malware or unusual data transfer over known protocols like FTP can be used to mitigate activity at the network level. Signatures are often for unique indicators within protocols and may be based on the specific obfuscation technique used by a particular adversary or tool, and will likely be different across various malware families and versions. Adversaries will likely change tool C2 signatures over time or construct protocols in such a way as to avoid detection by common defensive tools."
Command and Control,Multi-Stage Channels,multistage channel,Network intrusion detection and prevention systems that use network signatures to identify traffic for specific adversary malware can be used to mitigate activity at the network level.
Command and Control,Non-Application Layer Protocol,nonapplication layer protocol,Filter network traffic to prevent use of protocols across the network boundary that are unnecessary. Network intrusion detection and prevention systems that use network signatures to identify traffic for specific adversary malware can be used to mitigate activity at the network level.
Command and Control,Non-Standard Port,nonstandard port,Network intrusion detection and prevention systems that use network signatures to identify traffic for specific adversary malware can be used to mitigate activity at the network level. Properly configure firewalls and proxies to limit outgoing traffic to only necessary ports for that particular network segment.
Command and Control,Protocol Tunneling,protocol tunneling,Consider filtering network traffic to untrusted or known bad domains and resources. Network intrusion detection and prevention systems that use network signatures to identify traffic for specific adversary malware can be used to mitigate activity at the network level.
Command and Control,Proxy,proxy,"Network intrusion detection and prevention systems that use network signatures to identify traffic for specific adversary malware can be used to mitigate activity at the network level.  If it is possible to inspect HTTPS traffic, the captures can be analyzed for connections that appear to be domain fronting."
Command and Control,Remote Access Software,remote access software,"Consider disabling unnecessary remote connection functionality, including both unapproved software installations and specific features built into supported applications. Use application control to mitigate installation and use of unapproved software that can be used for remote access. Properly configure firewalls, application firewalls, and proxies to limit outgoing traffic to sites and services used by remote access software. Network intrusion detection and prevention systems that use network signatures may be able to prevent traffic to remote access services."
Command and Control,Traffic Signaling,traffic signaling,"Disable Wake-on-LAN if it is not needed within an environment.  Mitigation of some variants of this technique could be achieved through the use of stateful firewalls, depending upon how it is implemented."
Command and Control,Web Service,web service,Network intrusion detection and prevention systems that use network signatures to identify traffic for specific adversary malware can be used to mitigate activity at the network level. Web proxies can be used to enforce external network communication policy that prevents use of unauthorized external services.
Exfiltration,Automated Exfiltration,automated exfiltration,This type of attack technique cannot be easily mitigated with preventive controls since it is based on the abuse of system features.
Exfiltration,Data Transfer Size Limits,data transfer size limit,Network intrusion detection and prevention systems that use network signatures to identify traffic for specific adversary command and control infrastructure and malware can be used to mitigate activity at the network level.
Exfiltration,Exfiltration Over Alternative Protocol,exfiltration alternative protocol,Data loss prevention can detect and block sensitive data being uploaded via web browsers. Network intrusion detection and prevention systems that use network signatures to identify traffic for specific adversary command and control infrastructure and malware can be used to mitigate activity at the network level.
Exfiltration,Exfiltration Over C2 Channel,exfiltration c channel,Data loss prevention can detect and block sensitive data being sent over unencrypted protocols. Network intrusion detection and prevention systems that use network signatures to identify traffic for specific adversary malware can be used to mitigate activity at the network level.
Exfiltration,Exfiltration Over Other Network Medium,exfiltration network medium,"Disable WiFi connection, modem, cellular data connection, Bluetooth, or another radio frequency (RF) channel in local computer security settings or by group policy if it is not needed within an environment. Prevent the creation of new network adapters where possible."
Exfiltration,Exfiltration Over Physical Medium,exfiltration physical medium,Data loss prevention can detect and block sensitive data being copied to physical mediums. Disable Autorun if it is unnecessary.  Limit the use of USB devices and removable media within a network.
Exfiltration,Exfiltration Over Web Service,exfiltration web service,Data loss prevention can be detect and block sensitive data being uploaded to web services via web browsers. Web proxies can be used to enforce an external network communication policy that prevents use of unauthorized external services.
Exfiltration,Scheduled Transfer,scheduled transfer,"Network intrusion detection and prevention systems that use network signatures to identify traffic for specific adversary command and control infrastructure and malware can be used to mitigate activity at the network level. Signatures are often for unique indicators within protocols and may be based on the specific obfuscation technique used by a particular adversary or tool, and will likely be different across various malware families and versions. Adversaries will likely change tool command and control signatures over time or construct protocols in such a way to avoid detection by common defensive tools. "
Exfiltration,Transfer Data to Cloud Account,transfer data cloud account,"Data loss prevention can prevent and block sensitive data from being shared with individuals outside an organization. Configure appropriate data sharing restrictions in cloud services. For example, external sharing in Microsoft SharePoint and Google Drive can be turned off altogether, blocked for certain domains, or restricted to certain users."
Impact,Account Access Removal,account access removal,This type of attack technique cannot be easily mitigated with preventive controls since it is based on the abuse of system features.
Impact,Data Destruction,data destruction,"Implement multi-factor authentication (MFA) delete for cloud storage resources, such as AWS S3 buckets, to prevent unauthorized deletion of critical data and infrastructure. MFA delete requires additional authentication steps, making it significantly more difficult for adversaries to destroy data without proper credentials. This additional security layer helps protect against the impact of data destruction in cloud environments by ensuring that only authenticated actions can irreversibly delete storage or machine images."
Impact,Data Encrypted for Impact,data encrypted impact,"On Windows 10, enable cloud-delivered protection and Attack Surface Reduction (ASR) rules to block the execution of files that resemble ransomware. Consider implementing IT disaster recovery plans that contain procedures for regularly taking and testing data backups that can be used to restore organizational data."
Impact,Data Manipulation,data manipulation,Consider encrypting important information to reduce an adversary?s ability to perform tailored data modifications. Ensure least privilege principles are applied to important information resources to reduce exposure to data manipulation risk.
Impact,Defacement,defacement,Consider implementing IT disaster recovery plans that contain procedures for taking regular data backups that can be used to restore organizational data.[1] Ensure backups are stored off system and is protected from common methods adversaries may use to gain access and destroy the backups to prevent recovery.
Impact,Disk Wipe,disk wipe,Consider implementing IT disaster recovery plans that contain procedures for taking regular data backups that can be used to restore organizational data.[3] Ensure backups are stored off system and is protected from common methods adversaries may use to gain access and destroy the backups to prevent recovery.
Impact,Endpoint Denial of Service,endpoint denial service,"Leverage services provided by Content Delivery Networks (CDN) or providers specializing in DoS mitigations to filter traffic upstream from services.[10] Filter boundary traffic by blocking source addresses sourcing the attack, blocking ports that are being targeted, or blocking protocols being used for transport. To defend against SYN floods, enable SYN Cookies.
"
Impact,Firmware Corruption,firmware corruption,Check the integrity of the existing BIOS and device firmware to determine if it is vulnerable to modification. Prevent adversary access to privileged accounts or access necessary to replace system firmware. Patch the BIOS and other firmware as necessary to prevent successful use of known vulnerabilities.
Impact,Inhibit System Recovery,inhibit system recovery,Consider technical controls to prevent the disabling of services or deletion of files involved in system recovery. 
Impact,Network Denial of Service,network denial service,"As immediate response may require rapid engagement of 3rd parties, analyze the risk associated to critical resources being affected by Network DoS attacks and create a disaster recovery plan/business continuity plan to respond to incidents."
Impact,Resource Hijacking,resource hijacking,This type of attack technique cannot be easily mitigated with preventive controls since it is based on the abuse of system features.  
Impact,Service Stop,service stop,"Operate intrusion detection, analysis, and response systems on a separate network from the production environment to lessen the chances that an adversary can see and interfere with critical response functions. Develop and enforce security policies that include the use of out-of-band communication channels for critical communications during a security incident. "
Impact,System Shutdown/Reboot,system shutdownreboot,This type of attack technique cannot be easily mitigated with preventive controls since it is based on the abuse of system features.
